grade,status,number_of_students,avg_points,min_points,max_points,math_avg,physics_avg,english_avg
9,bad,3,66.0,57.666666666666664,72.66666666666667,63.333333333333336,68.33333333333333,66.33333333333333
9,excellent,3,90.0,86.66666666666667,93.33333333333333,91.0,88.0,91.0
9,good,2,80.16666666666666,76.0,84.33333333333333,78.5,79.0,83.0
